epoch,step,train_loss_epoch,train_loss_step,val_loss
0,8,,,2.1245310306549072
0,8,2.1868560314178467,,
1,9,,2.247830390930176,
1,17,,,2.0414252281188965
1,17,2.139691114425659,,
2,19,,2.1319475173950195,
2,26,,,2.0329489707946777
2,26,2.099299669265747,,
3,29,,2.104116916656494,
3,35,,,2.0344574451446533
3,35,2.0870091915130615,,
4,39,,2.08799409866333,
4,44,,,2.037508487701416
4,44,2.0809149742126465,,
5,49,,2.085188627243042,
5,53,,,2.0293242931365967
5,53,2.071728229522705,,
6,59,,2.084336519241333,
6,62,,,2.0253355503082275
6,62,2.0685150623321533,,
7,69,,2.0840771198272705,
7,71,,,2.0236101150512695
7,71,2.0681238174438477,,
8,79,,2.086559295654297,
8,80,,,2.0222063064575195
8,80,2.066842555999756,,
9,89,,1.3942316770553589,
9,89,,,2.0218286514282227
9,89,2.065413236618042,,
10,98,,,2.020754337310791
10,98,2.0649688243865967,,
11,99,,2.0890486240386963,
11,107,,,2.0196917057037354
11,107,2.0636255741119385,,
12,109,,2.0810835361480713,
12,116,,,2.0188353061676025
12,116,2.063007116317749,,
13,119,,2.082923650741577,
13,125,,,2.019308090209961
13,125,2.064215660095215,,
14,129,,2.082529067993164,
14,134,,,2.0171396732330322
14,134,2.062251329421997,,
15,139,,2.0921401977539062,
15,143,,,2.0129787921905518
15,143,2.0623087882995605,,
16,149,,2.082160472869873,
16,152,,,2.0079739093780518
16,152,2.0608749389648438,,
17,159,,2.086801528930664,
17,161,,,1.9913030862808228
17,161,2.053779125213623,,
18,169,,2.1199307441711426,
18,170,,,1.9991737604141235
18,170,2.0439281463623047,,
19,179,,1.3636908531188965,
19,179,,,2.117591142654419
19,179,2.0077056884765625,,
20,188,,,2.4229912757873535
20,188,1.9554316997528076,,
21,189,,1.6329121589660645,
21,197,,,2.825730562210083
21,197,1.8501933813095093,,
22,199,,2.2258639335632324,
22,206,,,2.5189061164855957
22,206,1.8699737787246704,,
23,209,,1.9528203010559082,
23,215,,,2.5122578144073486
23,215,1.8116649389266968,,
24,219,,1.9138730764389038,
24,224,,,2.607672691345215
24,224,1.812172532081604,,
25,229,,1.4772751331329346,
25,233,,,2.822641372680664
25,233,1.7443954944610596,,
26,239,,1.6107237339019775,
26,242,,,2.5567665100097656
26,242,1.754896640777588,,
27,249,,1.797871708869934,
27,251,,,2.455023765563965
27,251,1.8196288347244263,,
28,259,,1.6900053024291992,
28,260,,,2.332183599472046
28,260,1.738054633140564,,
29,269,,1.1944050788879395,
29,269,,,2.4323625564575195
29,269,1.770201563835144,,
30,278,,,2.4886457920074463
30,278,1.7161859273910522,,
31,279,,1.5018564462661743,
31,287,,,2.7328574657440186
31,287,1.6236484050750732,,
32,289,,1.6425540447235107,
32,296,,,2.6570281982421875
32,296,1.6089322566986084,,
33,299,,1.55330491065979,
33,305,,,2.57698130607605
33,305,1.5920915603637695,,
34,309,,1.39821195602417,
34,314,,,2.59511137008667
34,314,1.611512303352356,,
35,319,,1.7435745000839233,
35,323,,,2.9769461154937744
35,323,1.5459506511688232,,
36,329,,1.513251781463623,
36,332,,,3.196251392364502
36,332,1.6067683696746826,,
37,339,,1.4698350429534912,
37,341,,,2.959132432937622
37,341,1.5659023523330688,,
38,349,,1.4734597206115723,
38,350,,,3.068429946899414
38,350,1.499529480934143,,
39,359,,1.0128005743026733,
39,359,,,3.165067195892334
39,359,1.4658540487289429,,
40,368,,,3.2160637378692627
40,368,1.6045492887496948,,
41,369,,1.6716063022613525,
41,377,,,3.030001163482666
41,377,1.5377029180526733,,
42,379,,1.4002070426940918,
42,386,,,3.0077261924743652
42,386,1.4792457818984985,,
43,389,,1.5200581550598145,
43,395,,,3.142397880554199
43,395,1.4176274538040161,,
44,399,,1.5800714492797852,
44,404,,,3.299107074737549
44,404,1.4674073457717896,,
45,409,,1.3655011653900146,
45,413,,,3.3374814987182617
45,413,1.4108091592788696,,
46,419,,1.3736414909362793,
46,422,,,3.39306378364563
46,422,1.441557765007019,,
47,429,,1.1089175939559937,
47,431,,,3.559705972671509
47,431,1.3944127559661865,,
48,439,,1.3042386770248413,
48,440,,,3.708977460861206
48,440,1.3258590698242188,,
49,449,,1.4506535530090332,
49,449,,,3.7531049251556396
49,449,1.34745192527771,,
50,458,,,3.7891123294830322
50,458,1.3718396425247192,,
51,459,,1.5957486629486084,
51,467,,,3.833491563796997
51,467,1.4204356670379639,,
52,469,,1.4828592538833618,
52,476,,,3.7834737300872803
52,476,1.3188159465789795,,
53,479,,2.0207481384277344,
53,485,,,3.7623207569122314
53,485,1.4330214262008667,,
54,489,,1.4079935550689697,
54,494,,,3.828028440475464
54,494,1.3084123134613037,,
55,499,,1.2738862037658691,
55,503,,,3.88083553314209
55,503,1.3182231187820435,,
56,509,,1.239375114440918,
56,512,,,3.9514873027801514
56,512,1.2158725261688232,,
57,519,,1.2128396034240723,
57,521,,,4.09326171875
57,521,1.2577298879623413,,
58,529,,1.224874496459961,
58,530,,,4.2364678382873535
58,530,1.2475825548171997,,
59,539,,0.6664774417877197,
59,539,,,4.342567443847656
59,539,1.1952602863311768,,
60,548,,,4.337049961090088
60,548,1.3916021585464478,,
61,549,,1.4227867126464844,
61,557,,,4.334031581878662
61,557,1.3237030506134033,,
62,559,,1.1984121799468994,
62,566,,,4.3483428955078125
62,566,1.2217069864273071,,
63,569,,1.3004863262176514,
63,575,,,4.317940711975098
63,575,1.231519341468811,,
64,579,,1.5631988048553467,
64,584,,,4.362901210784912
64,584,1.2191659212112427,,
65,589,,1.1438740491867065,
65,593,,,4.381827354431152
65,593,1.319715976715088,,
66,599,,1.4793987274169922,
66,602,,,4.387429237365723
66,602,1.2295371294021606,,
67,609,,1.3026795387268066,
67,611,,,4.4146504402160645
67,611,1.1264560222625732,,
68,619,,0.932224452495575,
68,620,,,4.441514015197754
68,620,1.2539496421813965,,
69,629,,0.6632626056671143,
69,629,,,4.4487762451171875
69,629,1.2711904048919678,,
70,638,,,4.439022064208984
70,638,1.3404024839401245,,
71,639,,1.4373208284378052,
71,647,,,4.408764839172363
71,647,1.2771968841552734,,
72,649,,1.389338731765747,
72,656,,,4.385247230529785
72,656,1.1983411312103271,,
73,659,,1.348148226737976,
73,665,,,4.361187934875488
73,665,1.2289479970932007,,
74,669,,1.3749630451202393,
74,674,,,4.37405252456665
74,674,1.1958115100860596,,
75,679,,1.111586332321167,
75,683,,,4.387245178222656
75,683,1.2315196990966797,,
76,689,,1.3822205066680908,
76,692,,,4.403384208679199
76,692,1.2076236009597778,,
77,699,,1.1782639026641846,
77,701,,,4.422846794128418
77,701,1.1832222938537598,,
78,709,,1.7976222038269043,
78,710,,,4.448066234588623
78,710,1.1348552703857422,,
79,719,,0.41579294204711914,
79,719,,,4.48098087310791
79,719,1.1995551586151123,,
80,728,,,4.506363391876221
80,728,1.1817874908447266,,
81,729,,1.3005049228668213,
81,737,,,4.5366363525390625
81,737,1.1385036706924438,,
82,739,,0.9021824598312378,
82,746,,,4.574714660644531
82,746,1.265589952468872,,
83,749,,1.5628433227539062,
83,755,,,4.5835280418396
83,755,1.2370001077651978,,
84,759,,1.2776819467544556,
84,764,,,4.58425760269165
84,764,1.128164291381836,,
85,769,,1.1511316299438477,
85,773,,,4.593568325042725
85,773,1.2197858095169067,,
86,779,,1.4801044464111328,
86,782,,,4.6031904220581055
86,782,1.2181034088134766,,
87,789,,0.8967206478118896,
87,791,,,4.604246139526367
87,791,1.2303639650344849,,
88,799,,1.1916884183883667,
88,800,,,4.611287593841553
88,800,1.2324389219284058,,
89,809,,0.5015060901641846,
89,809,,,4.618962287902832
89,809,1.2576189041137695,,
90,818,,,4.62656831741333
90,818,1.198999285697937,,
91,819,,1.2705204486846924,
91,827,,,4.629456520080566
91,827,1.1530545949935913,,
92,829,,1.1492012739181519,
92,836,,,4.631577968597412
92,836,1.123016357421875,,
93,839,,1.5083800554275513,
93,845,,,4.634452819824219
93,845,1.2787413597106934,,
94,849,,1.3251926898956299,
94,854,,,4.636396408081055
94,854,1.218619704246521,,
95,859,,1.3697338104248047,
95,863,,,4.63710880279541
95,863,1.3012827634811401,,
96,869,,1.3011298179626465,
96,872,,,4.637635707855225
96,872,1.2419207096099854,,
97,879,,1.2226401567459106,
97,881,,,4.638287544250488
97,881,1.168252944946289,,
98,889,,1.3153661489486694,
98,890,,,4.6386003494262695
98,890,1.1986241340637207,,
99,899,,0.5277289152145386,
99,899,,,4.638664245605469
99,899,1.2641520500183105,,
