split,age_group_label,survival,n,fold,age_threshold_used
train,old,0.2,2,0,54.0
train,old,0.5,3,0,54.0
train,old,1.0,1,0,54.0
train,old,1.2,1,0,54.0
train,old,2.1,1,0,54.0
train,old,2.2,1,0,54.0
train,old,2.5,1,0,54.0
train,old,2.7,1,0,54.0
train,old,2.8,1,0,54.0
train,old,2.9,1,0,54.0
train,old,3.3,1,0,54.0
train,old,3.6,1,0,54.0
train,old,3.7,1,0,54.0
train,old,4.2,1,0,54.0
train,old,4.5,1,0,54.0
train,old,4.8,1,0,54.0
train,old,5.0,2,0,54.0
train,old,5.2,1,0,54.0
train,old,5.3,1,0,54.0
train,old,5.4,2,0,54.0
train,old,6.0,2,0,54.0
train,old,6.2,1,0,54.0
train,old,6.8,1,0,54.0
train,old,6.9,1,0,54.0
train,old,7.0,1,0,54.0
train,old,7.2,1,0,54.0
train,old,7.4,1,0,54.0
train,old,7.7,1,0,54.0
train,old,7.9,1,0,54.0
train,old,8.0,3,0,54.0
train,old,8.3,1,0,54.0
train,old,9.3,1,0,54.0
train,old,9.8,1,0,54.0
train,old,10.4,1,0,54.0
train,old,10.8,1,0,54.0
train,old,11.4,1,0,54.0
train,old,11.7,1,0,54.0
train,old,12.9,1,0,54.0
train,old,13.9,1,0,54.0
train,old,14.2,1,0,54.0
train,old,14.6,1,0,54.0
train,old,14.7,1,0,54.0
train,old,14.9,1,0,54.0
train,old,15.0,1,0,54.0
train,old,15.1,1,0,54.0
train,old,15.4,1,0,54.0
train,old,15.5,1,0,54.0
train,old,15.6,1,0,54.0
train,old,16.0,1,0,54.0
train,old,16.7,1,0,54.0
train,old,17.1,1,0,54.0
train,old,17.4,1,0,54.0
train,old,17.7,1,0,54.0
train,old,18.3,1,0,54.0
train,old,18.4,1,0,54.0
train,old,18.8,1,0,54.0
train,old,19.1,1,0,54.0
train,old,20.4,1,0,54.0
train,old,20.6,1,0,54.0
train,old,25.4,1,0,54.0
train,old,26.7,1,0,54.0
train,old,27.2,1,0,54.0
train,old,28.5,1,0,54.0
train,old,30.7,1,0,54.0
train,old,37.0,1,0,54.0
train,old,40.3,1,0,54.0
train,old,42.0,1,0,54.0
train,old,65.7,1,0,54.0
train,young,0.1,2,0,54.0
train,young,0.2,2,0,54.0
train,young,0.8,1,0,54.0
train,young,2.3,1,0,54.0
train,young,2.7,1,0,54.0
train,young,2.8,1,0,54.0
train,young,3.0,1,0,54.0
train,young,3.8,1,0,54.0
train,young,3.9,1,0,54.0
train,young,4.7,1,0,54.0
train,young,5.7,1,0,54.0
train,young,5.8,1,0,54.0
train,young,7.2,1,0,54.0
train,young,7.7,2,0,54.0
train,young,7.8,2,0,54.0
train,young,8.5,1,0,54.0
train,young,9.4,1,0,54.0
train,young,10.0,1,0,54.0
train,young,10.6,1,0,54.0
train,young,10.9,1,0,54.0
train,young,11.9,1,0,54.0
train,young,12.2,1,0,54.0
train,young,12.4,1,0,54.0
train,young,12.6,1,0,54.0
train,young,13.3,1,0,54.0
train,young,13.4,1,0,54.0
train,young,14.2,1,0,54.0
train,young,14.7,1,0,54.0
train,young,15.1,1,0,54.0
train,young,15.3,1,0,54.0
train,young,16.5,1,0,54.0
train,young,17.0,1,0,54.0
train,young,17.4,1,0,54.0
train,young,17.5,1,0,54.0
train,young,17.9,1,0,54.0
train,young,18.9,2,0,54.0
train,young,19.2,1,0,54.0
train,young,19.9,1,0,54.0
train,young,21.4,1,0,54.0
train,young,23.3,1,0,54.0
train,young,25.3,1,0,54.0
train,young,25.9,1,0,54.0
train,young,26.3,1,0,54.0
train,young,29.6,1,0,54.0
train,young,29.8,1,0,54.0
train,young,37.1,1,0,54.0
train,young,38.2,1,0,54.0
train,young,40.1,1,0,54.0
train,young,40.9,1,0,54.0
train,young,42.7,1,0,54.0
train,young,43.9,1,0,54.0
train,young,46.0,1,0,54.0
train,young,77.9,1,0,54.0
train,young,87.4,1,0,54.0
train,young,90.7,1,0,54.0
train,young,94.3,1,0,54.0
train,young,94.5,1,0,54.0
train,young,133.7,1,0,54.0
train,young,156.1,1,0,54.0
val,old,2.7,2,0,54.0
val,old,5.7,1,0,54.0
val,old,6.1,1,0,54.0
val,old,6.4,1,0,54.0
val,old,6.7,1,0,54.0
val,old,7.6,1,0,54.0
val,old,8.0,1,0,54.0
val,old,8.4,1,0,54.0
val,old,8.8,1,0,54.0
val,old,11.2,1,0,54.0
val,old,11.5,1,0,54.0
val,old,12.3,1,0,54.0
val,old,19.6,1,0,54.0
val,old,22.7,1,0,54.0
val,old,34.3,1,0,54.0
val,old,40.5,1,0,54.0
val,young,3.7,1,0,54.0
val,young,6.8,1,0,54.0
val,young,7.6,1,0,54.0
val,young,8.6,1,0,54.0
val,young,10.8,1,0,54.0
val,young,14.6,1,0,54.0
val,young,14.9,1,0,54.0
val,young,16.0,1,0,54.0
val,young,17.5,1,0,54.0
val,young,18.1,1,0,54.0
val,young,20.1,1,0,54.0
val,young,21.0,1,0,54.0
val,young,21.5,1,0,54.0
val,young,23.8,1,0,54.0
val,young,24.0,1,0,54.0
val,young,39.1,1,0,54.0
val,young,44.0,1,0,54.0
val,young,60.3,1,0,54.0
val,young,62.0,1,0,54.0
val,young,114.0,1,0,54.0
train,old,0.1,1,1,53.0
train,old,0.2,2,1,53.0
train,old,0.5,1,1,53.0
train,old,1.2,1,1,53.0
train,old,2.1,1,1,53.0
train,old,2.3,1,1,53.0
train,old,2.7,3,1,53.0
train,old,2.8,1,1,53.0
train,old,2.9,1,1,53.0
train,old,3.3,1,1,53.0
train,old,4.8,1,1,53.0
train,old,5.0,1,1,53.0
train,old,5.2,1,1,53.0
train,old,5.3,1,1,53.0
train,old,5.7,1,1,53.0
train,old,6.0,1,1,53.0
train,old,6.1,1,1,53.0
train,old,6.2,1,1,53.0
train,old,6.4,1,1,53.0
train,old,6.7,1,1,53.0
train,old,6.8,1,1,53.0
train,old,6.9,1,1,53.0
train,old,7.0,1,1,53.0
train,old,7.4,1,1,53.0
train,old,7.6,1,1,53.0
train,old,7.7,1,1,53.0
train,old,8.0,4,1,53.0
train,old,8.3,1,1,53.0
train,old,8.4,1,1,53.0
train,old,8.8,1,1,53.0
train,old,9.3,1,1,53.0
train,old,9.8,1,1,53.0
train,old,10.0,1,1,53.0
train,old,10.8,1,1,53.0
train,old,11.2,1,1,53.0
train,old,11.4,1,1,53.0
train,old,11.5,1,1,53.0
train,old,11.7,1,1,53.0
train,old,12.3,1,1,53.0
train,old,12.9,1,1,53.0
train,old,13.9,1,1,53.0
train,old,14.2,1,1,53.0
train,old,14.6,1,1,53.0
train,old,14.7,1,1,53.0
train,old,14.9,1,1,53.0
train,old,15.1,1,1,53.0
train,old,16.7,1,1,53.0
train,old,17.1,1,1,53.0
train,old,17.4,1,1,53.0
train,old,17.7,1,1,53.0
train,old,18.3,1,1,53.0
train,old,18.4,1,1,53.0
train,old,19.1,1,1,53.0
train,old,19.6,1,1,53.0
train,old,20.6,1,1,53.0
train,old,22.7,1,1,53.0
train,old,25.4,1,1,53.0
train,old,25.9,1,1,53.0
train,old,27.2,1,1,53.0
train,old,28.5,1,1,53.0
train,old,30.7,1,1,53.0
train,old,34.3,1,1,53.0
train,old,40.3,1,1,53.0
train,old,40.5,1,1,53.0
train,old,42.0,1,1,53.0
train,old,62.0,1,1,53.0
train,old,94.3,1,1,53.0
train,young,0.1,1,1,53.0
train,young,0.2,2,1,53.0
train,young,0.8,1,1,53.0
train,young,2.7,1,1,53.0
train,young,2.8,1,1,53.0
train,young,3.0,1,1,53.0
train,young,3.7,1,1,53.0
train,young,3.8,1,1,53.0
train,young,3.9,1,1,53.0
train,young,4.7,1,1,53.0
train,young,5.7,1,1,53.0
train,young,5.8,1,1,53.0
train,young,6.8,1,1,53.0
train,young,7.2,1,1,53.0
train,young,7.6,1,1,53.0
train,young,7.7,2,1,53.0
train,young,7.8,2,1,53.0
train,young,8.5,1,1,53.0
train,young,8.6,1,1,53.0
train,young,9.4,1,1,53.0
train,young,10.6,1,1,53.0
train,young,10.8,1,1,53.0
train,young,10.9,1,1,53.0
train,young,11.9,1,1,53.0
train,young,12.2,1,1,53.0
train,young,12.4,1,1,53.0
train,young,13.3,1,1,53.0
train,young,13.4,1,1,53.0
train,young,14.6,1,1,53.0
train,young,14.7,1,1,53.0
train,young,14.9,1,1,53.0
train,young,15.1,1,1,53.0
train,young,15.3,1,1,53.0
train,young,16.0,1,1,53.0
train,young,17.4,1,1,53.0
train,young,17.5,2,1,53.0
train,young,18.1,1,1,53.0
train,young,18.9,1,1,53.0
train,young,19.9,1,1,53.0
train,young,20.1,1,1,53.0
train,young,21.0,1,1,53.0
train,young,21.4,1,1,53.0
train,young,21.5,1,1,53.0
train,young,23.3,1,1,53.0
train,young,23.8,1,1,53.0
train,young,24.0,1,1,53.0
train,young,25.3,1,1,53.0
train,young,26.3,1,1,53.0
train,young,29.6,1,1,53.0
train,young,37.1,1,1,53.0
train,young,38.2,1,1,53.0
train,young,39.1,1,1,53.0
train,young,40.1,1,1,53.0
train,young,40.9,1,1,53.0
train,young,42.7,1,1,53.0
train,young,44.0,1,1,53.0
train,young,46.0,1,1,53.0
train,young,60.3,1,1,53.0
train,young,77.9,1,1,53.0
train,young,94.5,1,1,53.0
train,young,114.0,1,1,53.0
train,young,133.7,1,1,53.0
train,young,156.1,1,1,53.0
val,old,0.5,2,1,53.0
val,old,1.0,1,1,53.0
val,old,2.2,1,1,53.0
val,old,2.5,1,1,53.0
val,old,3.6,1,1,53.0
val,old,3.7,1,1,53.0
val,old,4.2,1,1,53.0
val,old,4.5,1,1,53.0
val,old,5.0,1,1,53.0
val,old,5.4,2,1,53.0
val,old,6.0,1,1,53.0
val,old,7.2,1,1,53.0
val,old,7.9,1,1,53.0
val,old,10.4,1,1,53.0
val,old,15.0,1,1,53.0
val,old,15.4,1,1,53.0
val,old,15.5,1,1,53.0
val,old,15.6,1,1,53.0
val,old,16.0,1,1,53.0
val,old,18.8,1,1,53.0
val,old,20.4,1,1,53.0
val,old,26.7,1,1,53.0
val,old,37.0,1,1,53.0
val,old,65.7,1,1,53.0
val,young,12.6,1,1,53.0
val,young,14.2,1,1,53.0
val,young,16.5,1,1,53.0
val,young,17.0,1,1,53.0
val,young,17.9,1,1,53.0
val,young,18.9,1,1,53.0
val,young,19.2,1,1,53.0
val,young,29.8,1,1,53.0
val,young,43.9,1,1,53.0
val,young,87.4,1,1,53.0
val,young,90.7,1,1,53.0
train,old,0.2,1,2,54.0
train,old,0.5,3,2,54.0
train,old,1.0,1,2,54.0
train,old,2.2,1,2,54.0
train,old,2.5,1,2,54.0
train,old,2.7,3,2,54.0
train,old,2.8,1,2,54.0
train,old,3.3,1,2,54.0
train,old,3.6,1,2,54.0
train,old,3.7,1,2,54.0
train,old,4.2,1,2,54.0
train,old,4.5,1,2,54.0
train,old,4.8,1,2,54.0
train,old,5.0,2,2,54.0
train,old,5.2,1,2,54.0
train,old,5.3,1,2,54.0
train,old,5.4,2,2,54.0
train,old,5.7,1,2,54.0
train,old,6.0,2,2,54.0
train,old,6.1,1,2,54.0
train,old,6.2,1,2,54.0
train,old,6.4,1,2,54.0
train,old,6.7,1,2,54.0
train,old,7.0,1,2,54.0
train,old,7.2,1,2,54.0
train,old,7.4,1,2,54.0
train,old,7.6,1,2,54.0
train,old,7.7,1,2,54.0
train,old,7.9,1,2,54.0
train,old,8.0,3,2,54.0
train,old,8.4,1,2,54.0
train,old,8.8,1,2,54.0
train,old,9.3,1,2,54.0
train,old,10.4,1,2,54.0
train,old,10.8,1,2,54.0
train,old,11.2,1,2,54.0
train,old,11.4,1,2,54.0
train,old,11.5,1,2,54.0
train,old,12.3,1,2,54.0
train,old,12.9,1,2,54.0
train,old,13.9,1,2,54.0
train,old,14.2,1,2,54.0
train,old,14.6,1,2,54.0
train,old,14.7,1,2,54.0
train,old,14.9,1,2,54.0
train,old,15.0,1,2,54.0
train,old,15.1,1,2,54.0
train,old,15.4,1,2,54.0
train,old,15.5,1,2,54.0
train,old,15.6,1,2,54.0
train,old,16.0,1,2,54.0
train,old,16.7,1,2,54.0
train,old,17.1,1,2,54.0
train,old,17.4,1,2,54.0
train,old,17.7,1,2,54.0
train,old,18.8,1,2,54.0
train,old,19.6,1,2,54.0
train,old,20.4,1,2,54.0
train,old,22.7,1,2,54.0
train,old,26.7,1,2,54.0
train,old,27.2,1,2,54.0
train,old,28.5,1,2,54.0
train,old,34.3,1,2,54.0
train,old,37.0,1,2,54.0
train,old,40.3,1,2,54.0
train,old,40.5,1,2,54.0
train,old,42.0,1,2,54.0
train,old,65.7,1,2,54.0
train,young,0.1,1,2,54.0
train,young,0.2,2,2,54.0
train,young,2.3,1,2,54.0
train,young,2.7,1,2,54.0
train,young,2.8,1,2,54.0
train,young,3.7,1,2,54.0
train,young,3.8,1,2,54.0
train,young,3.9,1,2,54.0
train,young,4.7,1,2,54.0
train,young,5.7,1,2,54.0
train,young,6.8,1,2,54.0
train,young,7.2,1,2,54.0
train,young,7.6,1,2,54.0
train,young,7.7,1,2,54.0
train,young,7.8,1,2,54.0
train,young,8.5,1,2,54.0
train,young,8.6,1,2,54.0
train,young,10.0,1,2,54.0
train,young,10.6,1,2,54.0
train,young,10.8,1,2,54.0
train,young,10.9,1,2,54.0
train,young,11.9,1,2,54.0
train,young,12.2,1,2,54.0
train,young,12.4,1,2,54.0
train,young,12.6,1,2,54.0
train,young,14.2,1,2,54.0
train,young,14.6,1,2,54.0
train,young,14.7,1,2,54.0
train,young,14.9,1,2,54.0
train,young,15.1,1,2,54.0
train,young,15.3,1,2,54.0
train,young,16.0,1,2,54.0
train,young,16.5,1,2,54.0
train,young,17.0,1,2,54.0
train,young,17.5,1,2,54.0
train,young,17.9,1,2,54.0
train,young,18.1,1,2,54.0
train,young,18.9,2,2,54.0
train,young,19.2,1,2,54.0
train,young,20.1,1,2,54.0
train,young,21.0,1,2,54.0
train,young,21.4,1,2,54.0
train,young,21.5,1,2,54.0
train,young,23.8,1,2,54.0
train,young,24.0,1,2,54.0
train,young,26.3,1,2,54.0
train,young,29.6,1,2,54.0
train,young,29.8,1,2,54.0
train,young,39.1,1,2,54.0
train,young,40.1,1,2,54.0
train,young,42.7,1,2,54.0
train,young,43.9,1,2,54.0
train,young,44.0,1,2,54.0
train,young,60.3,1,2,54.0
train,young,62.0,1,2,54.0
train,young,77.9,1,2,54.0
train,young,87.4,1,2,54.0
train,young,90.7,1,2,54.0
train,young,94.5,1,2,54.0
train,young,114.0,1,2,54.0
train,young,133.7,1,2,54.0
val,old,0.2,1,2,54.0
val,old,1.2,1,2,54.0
val,old,2.1,1,2,54.0
val,old,2.9,1,2,54.0
val,old,6.8,1,2,54.0
val,old,6.9,1,2,54.0
val,old,8.0,1,2,54.0
val,old,8.3,1,2,54.0
val,old,9.8,1,2,54.0
val,old,11.7,1,2,54.0
val,old,18.3,1,2,54.0
val,old,18.4,1,2,54.0
val,old,19.1,1,2,54.0
val,old,20.6,1,2,54.0
val,old,25.4,1,2,54.0
val,old,30.7,1,2,54.0
val,young,0.1,1,2,54.0
val,young,0.8,1,2,54.0
val,young,3.0,1,2,54.0
val,young,5.8,1,2,54.0
val,young,7.7,1,2,54.0
val,young,7.8,1,2,54.0
val,young,9.4,1,2,54.0
val,young,13.3,1,2,54.0
val,young,13.4,1,2,54.0
val,young,17.4,1,2,54.0
val,young,17.5,1,2,54.0
val,young,19.9,1,2,54.0
val,young,23.3,1,2,54.0
val,young,25.3,1,2,54.0
val,young,25.9,1,2,54.0
val,young,37.1,1,2,54.0
val,young,38.2,1,2,54.0
val,young,40.9,1,2,54.0
val,young,46.0,1,2,54.0
val,young,94.3,1,2,54.0
val,young,156.1,1,2,54.0
train,old,0.2,2,3,54.0
train,old,0.5,2,3,54.0
train,old,1.0,1,3,54.0
train,old,1.2,1,3,54.0
train,old,2.1,1,3,54.0
train,old,2.2,1,3,54.0
train,old,2.5,1,3,54.0
train,old,2.7,2,3,54.0
train,old,2.9,1,3,54.0
train,old,3.6,1,3,54.0
train,old,3.7,1,3,54.0
train,old,4.2,1,3,54.0
train,old,4.5,1,3,54.0
train,old,5.0,2,3,54.0
train,old,5.4,2,3,54.0
train,old,5.7,1,3,54.0
train,old,6.0,2,3,54.0
train,old,6.1,1,3,54.0
train,old,6.4,1,3,54.0
train,old,6.7,1,3,54.0
train,old,6.8,1,3,54.0
train,old,6.9,1,3,54.0
train,old,7.0,1,3,54.0
train,old,7.2,1,3,54.0
train,old,7.6,1,3,54.0
train,old,7.7,1,3,54.0
train,old,7.9,1,3,54.0
train,old,8.0,4,3,54.0
train,old,8.3,1,3,54.0
train,old,8.4,1,3,54.0
train,old,8.8,1,3,54.0
train,old,9.3,1,3,54.0
train,old,9.8,1,3,54.0
train,old,10.4,1,3,54.0
train,old,11.2,1,3,54.0
train,old,11.4,1,3,54.0
train,old,11.5,1,3,54.0
train,old,11.7,1,3,54.0
train,old,12.3,1,3,54.0
train,old,13.9,1,3,54.0
train,old,14.2,1,3,54.0
train,old,14.7,1,3,54.0
train,old,15.0,1,3,54.0
train,old,15.1,1,3,54.0
train,old,15.4,1,3,54.0
train,old,15.5,1,3,54.0
train,old,15.6,1,3,54.0
train,old,16.0,1,3,54.0
train,old,16.7,1,3,54.0
train,old,17.4,1,3,54.0
train,old,18.3,1,3,54.0
train,old,18.4,1,3,54.0
train,old,18.8,1,3,54.0
train,old,19.1,1,3,54.0
train,old,19.6,1,3,54.0
train,old,20.4,1,3,54.0
train,old,20.6,1,3,54.0
train,old,22.7,1,3,54.0
train,old,25.4,1,3,54.0
train,old,26.7,1,3,54.0
train,old,28.5,1,3,54.0
train,old,30.7,1,3,54.0
train,old,34.3,1,3,54.0
train,old,37.0,1,3,54.0
train,old,40.3,1,3,54.0
train,old,40.5,1,3,54.0
train,old,65.7,1,3,54.0
train,young,0.1,1,3,54.0
train,young,0.2,2,3,54.0
train,young,0.8,1,3,54.0
train,young,2.7,1,3,54.0
train,young,3.0,1,3,54.0
train,young,3.7,1,3,54.0
train,young,3.8,1,3,54.0
train,young,4.7,1,3,54.0
train,young,5.8,1,3,54.0
train,young,6.8,1,3,54.0
train,young,7.2,1,3,54.0
train,young,7.6,1,3,54.0
train,young,7.7,2,3,54.0
train,young,7.8,1,3,54.0
train,young,8.5,1,3,54.0
train,young,8.6,1,3,54.0
train,young,9.4,1,3,54.0
train,young,10.8,1,3,54.0
train,young,11.9,1,3,54.0
train,young,12.4,1,3,54.0
train,young,12.6,1,3,54.0
train,young,13.3,1,3,54.0
train,young,13.4,1,3,54.0
train,young,14.2,1,3,54.0
train,young,14.6,1,3,54.0
train,young,14.9,1,3,54.0
train,young,15.1,1,3,54.0
train,young,16.0,1,3,54.0
train,young,16.5,1,3,54.0
train,young,17.0,1,3,54.0
train,young,17.4,1,3,54.0
train,young,17.5,2,3,54.0
train,young,17.9,1,3,54.0
train,young,18.1,1,3,54.0
train,young,18.9,1,3,54.0
train,young,19.2,1,3,54.0
train,young,19.9,1,3,54.0
train,young,20.1,1,3,54.0
train,young,21.0,1,3,54.0
train,young,21.5,1,3,54.0
train,young,23.3,1,3,54.0
train,young,23.8,1,3,54.0
train,young,24.0,1,3,54.0
train,young,25.3,1,3,54.0
train,young,25.9,1,3,54.0
train,young,29.8,1,3,54.0
train,young,37.1,1,3,54.0
train,young,38.2,1,3,54.0
train,young,39.1,1,3,54.0
train,young,40.9,1,3,54.0
train,young,42.7,1,3,54.0
train,young,43.9,1,3,54.0
train,young,44.0,1,3,54.0
train,young,46.0,1,3,54.0
train,young,60.3,1,3,54.0
train,young,62.0,1,3,54.0
train,young,77.9,1,3,54.0
train,young,87.4,1,3,54.0
train,young,90.7,1,3,54.0
train,young,94.3,1,3,54.0
train,young,94.5,1,3,54.0
train,young,114.0,1,3,54.0
train,young,156.1,1,3,54.0
val,old,0.5,1,3,54.0
val,old,2.7,1,3,54.0
val,old,2.8,1,3,54.0
val,old,3.3,1,3,54.0
val,old,4.8,1,3,54.0
val,old,5.2,1,3,54.0
val,old,5.3,1,3,54.0
val,old,6.2,1,3,54.0
val,old,7.4,1,3,54.0
val,old,10.8,1,3,54.0
val,old,12.9,1,3,54.0
val,old,14.6,1,3,54.0
val,old,14.9,1,3,54.0
val,old,17.1,1,3,54.0
val,old,17.7,1,3,54.0
val,old,27.2,1,3,54.0
val,old,42.0,1,3,54.0
val,young,0.1,1,3,54.0
val,young,2.3,1,3,54.0
val,young,2.8,1,3,54.0
val,young,3.9,1,3,54.0
val,young,5.7,1,3,54.0
val,young,7.8,1,3,54.0
val,young,10.0,1,3,54.0
val,young,10.6,1,3,54.0
val,young,10.9,1,3,54.0
val,young,12.2,1,3,54.0
val,young,14.7,1,3,54.0
val,young,15.3,1,3,54.0
val,young,18.9,1,3,54.0
val,young,21.4,1,3,54.0
val,young,26.3,1,3,54.0
val,young,29.6,1,3,54.0
val,young,40.1,1,3,54.0
val,young,133.7,1,3,54.0
train,old,0.2,1,4,54.0
train,old,0.5,3,4,54.0
train,old,1.0,1,4,54.0
train,old,1.2,1,4,54.0
train,old,2.1,1,4,54.0
train,old,2.2,1,4,54.0
train,old,2.5,1,4,54.0
train,old,2.7,3,4,54.0
train,old,2.8,1,4,54.0
train,old,2.9,1,4,54.0
train,old,3.3,1,4,54.0
train,old,3.6,1,4,54.0
train,old,3.7,1,4,54.0
train,old,4.2,1,4,54.0
train,old,4.5,1,4,54.0
train,old,4.8,1,4,54.0
train,old,5.0,1,4,54.0
train,old,5.2,1,4,54.0
train,old,5.3,1,4,54.0
train,old,5.4,2,4,54.0
train,old,5.7,1,4,54.0
train,old,6.0,1,4,54.0
train,old,6.1,1,4,54.0
train,old,6.2,1,4,54.0
train,old,6.4,1,4,54.0
train,old,6.7,1,4,54.0
train,old,6.8,1,4,54.0
train,old,6.9,1,4,54.0
train,old,7.2,1,4,54.0
train,old,7.4,1,4,54.0
train,old,7.6,1,4,54.0
train,old,7.9,1,4,54.0
train,old,8.0,2,4,54.0
train,old,8.3,1,4,54.0
train,old,8.4,1,4,54.0
train,old,8.8,1,4,54.0
train,old,9.8,1,4,54.0
train,old,10.4,1,4,54.0
train,old,10.8,1,4,54.0
train,old,11.2,1,4,54.0
train,old,11.5,1,4,54.0
train,old,11.7,1,4,54.0
train,old,12.3,1,4,54.0
train,old,12.9,1,4,54.0
train,old,14.6,1,4,54.0
train,old,14.9,1,4,54.0
train,old,15.0,1,4,54.0
train,old,15.4,1,4,54.0
train,old,15.5,1,4,54.0
train,old,15.6,1,4,54.0
train,old,16.0,1,4,54.0
train,old,17.1,1,4,54.0
train,old,17.7,1,4,54.0
train,old,18.3,1,4,54.0
train,old,18.4,1,4,54.0
train,old,18.8,1,4,54.0
train,old,19.1,1,4,54.0
train,old,19.6,1,4,54.0
train,old,20.4,1,4,54.0
train,old,20.6,1,4,54.0
train,old,22.7,1,4,54.0
train,old,25.4,1,4,54.0
train,old,26.7,1,4,54.0
train,old,27.2,1,4,54.0
train,old,30.7,1,4,54.0
train,old,34.3,1,4,54.0
train,old,37.0,1,4,54.0
train,old,40.5,1,4,54.0
train,old,42.0,1,4,54.0
train,old,65.7,1,4,54.0
train,young,0.1,2,4,54.0
train,young,0.8,1,4,54.0
train,young,2.3,1,4,54.0
train,young,2.8,1,4,54.0
train,young,3.0,1,4,54.0
train,young,3.7,1,4,54.0
train,young,3.9,1,4,54.0
train,young,5.7,1,4,54.0
train,young,5.8,1,4,54.0
train,young,6.8,1,4,54.0
train,young,7.6,1,4,54.0
train,young,7.7,1,4,54.0
train,young,7.8,2,4,54.0
train,young,8.6,1,4,54.0
train,young,9.4,1,4,54.0
train,young,10.0,1,4,54.0
train,young,10.6,1,4,54.0
train,young,10.8,1,4,54.0
train,young,10.9,1,4,54.0
train,young,12.2,1,4,54.0
train,young,12.6,1,4,54.0
train,young,13.3,1,4,54.0
train,young,13.4,1,4,54.0
train,young,14.2,1,4,54.0
train,young,14.6,1,4,54.0
train,young,14.7,1,4,54.0
train,young,14.9,1,4,54.0
train,young,15.3,1,4,54.0
train,young,16.0,1,4,54.0
train,young,16.5,1,4,54.0
train,young,17.0,1,4,54.0
train,young,17.4,1,4,54.0
train,young,17.5,2,4,54.0
train,young,17.9,1,4,54.0
train,young,18.1,1,4,54.0
train,young,18.9,2,4,54.0
train,young,19.2,1,4,54.0
train,young,19.9,1,4,54.0
train,young,20.1,1,4,54.0
train,young,21.0,1,4,54.0
train,young,21.4,1,4,54.0
train,young,21.5,1,4,54.0
train,young,23.3,1,4,54.0
train,young,23.8,1,4,54.0
train,young,24.0,1,4,54.0
train,young,25.3,1,4,54.0
train,young,25.9,1,4,54.0
train,young,26.3,1,4,54.0
train,young,29.6,1,4,54.0
train,young,29.8,1,4,54.0
train,young,37.1,1,4,54.0
train,young,38.2,1,4,54.0
train,young,39.1,1,4,54.0
train,young,40.1,1,4,54.0
train,young,40.9,1,4,54.0
train,young,43.9,1,4,54.0
train,young,44.0,1,4,54.0
train,young,46.0,1,4,54.0
train,young,60.3,1,4,54.0
train,young,62.0,1,4,54.0
train,young,87.4,1,4,54.0
train,young,90.7,1,4,54.0
train,young,94.3,1,4,54.0
train,young,114.0,1,4,54.0
train,young,133.7,1,4,54.0
train,young,156.1,1,4,54.0
val,old,0.2,1,4,54.0
val,old,5.0,1,4,54.0
val,old,6.0,1,4,54.0
val,old,7.0,1,4,54.0
val,old,7.7,1,4,54.0
val,old,8.0,2,4,54.0
val,old,9.3,1,4,54.0
val,old,11.4,1,4,54.0
val,old,13.9,1,4,54.0
val,old,14.2,1,4,54.0
val,old,14.7,1,4,54.0
val,old,15.1,1,4,54.0
val,old,16.7,1,4,54.0
val,old,17.4,1,4,54.0
val,old,28.5,1,4,54.0
val,old,40.3,1,4,54.0
val,young,0.2,2,4,54.0
val,young,2.7,1,4,54.0
val,young,3.8,1,4,54.0
val,young,4.7,1,4,54.0
val,young,7.2,1,4,54.0
val,young,7.7,1,4,54.0
val,young,8.5,1,4,54.0
val,young,11.9,1,4,54.0
val,young,12.4,1,4,54.0
val,young,15.1,1,4,54.0
val,young,42.7,1,4,54.0
val,young,77.9,1,4,54.0
val,young,94.5,1,4,54.0
